time,r_p,r_e1,r_e2
0.0,5.756505529888548,0.5714248,0.57143186
0.04755347811972561,5.756023486477727,0.5550115449941494,0.500634501885824
0.09184042484487825,5.755574401458567,0.5222849527076912,0.423279437700945
0.1361273715700309,5.755125167933781,0.4877805733520624,0.3489244758295931
0.16470159407096482,5.7548352407659715,0.47992107334931494,0.3261754490711597
0.19238246305922924,5.754554319056667,0.4903486159663056,0.338330451097032
0.22338589885940702,5.754239609235054,0.5196715764683478,0.3787557809133704
0.26233131959339817,5.753844179116209,0.5702227498207298,0.44205590428825176
0.31830953829813674,5.753275607442512,0.6494003124624378,0.534904890736958
0.39588162536266,5.7524873174359055,0.7538438965953819,0.656528089985944
0.5047994921715344,5.751379729490544,0.8820626735432036,0.8103985684839087
0.6803053631713144,5.7495931400131886,1.0459359025932535,1.0218628397157812
0.9222602022546336,5.74712634973244,1.1802419647714761,1.2562301621330223
1.0782178448079076,5.745534003380223,1.1762372722276206,1.37963463354008
1.2026329679703542,5.744262404738209,1.0702703149865596,1.462633848509363
1.2637616507223726,5.743637207622822,0.9545974514852867,1.4960280422105061
1.3150534529268176,5.743112402144977,0.794594601825484,1.518191681237939
1.342510943905506,5.742831382995681,0.6653091823006115,1.527246240519865
1.3647456615442384,5.742603776304385,0.5168368326975166,1.532954669178195
1.3751416911259182,5.742497344326092,0.4225714531275442,1.5351099590119082
1.385537720707598,5.742390904388181,0.29762534688220404,1.5369421000052208
1.3893834301327717,5.742351528013748,0.23831105512548245,1.5375402629032997
1.3916716717712676,5.742328098102175,0.1983143638006402,1.5378764134222396
1.393322496812453,5.742311194630721,0.16752396182336018,1.538109948714258
1.3947713278349525,5.742296359295029,0.1405162829659985,1.538308801680746
1.396220158857452,5.742281523806761,0.11724449443247915,1.538502010771969
1.3974948101235094,5.7422684717280905,0.10537952820795261,1.5386673493949752
1.3987013224476172,5.742256117264851,0.10426362527338842,1.5388198198507264
1.4001899028845382,5.742240874330699,0.11148437442518523,1.5390024154346318
1.4020424672589922,5.742221904007972,0.12436500193447912,1.539220827199082
1.4049133377547403,5.74219250570281,0.1458929184754069,1.539538920735723
1.408275788802144,5.742158072748803,0.17205516461793868,1.5398779498862034
1.41681982927212,5.742070574365829,0.24031681739258248,1.5405590028658922
1.4292907377139576,5.741942851856193,0.34088033916934724,1.5410140161213504
1.4493288569876435,5.741737604743919,0.5017201565412213,1.5400855040242958
1.4803656260962357,5.741419641465453,0.748488180766243,1.533263643323835
1.5287746582371842,5.74092355967887,1.129734369679134,1.5030359502895871
1.6055398399139833,5.740136525893452,1.729680630043687,1.3649314999447533
1.6451586532914537,5.739730156493441,2.038120523877233,1.211241462117559
1.67806018519991,5.739392592996331,2.2938833988448732,0.9975960455369844
1.6940932947922733,5.739228065515242,2.418421360567661,0.8409990171862486
1.707064511695098,5.739094943504673,2.5191375003720715,0.6648870039468117
1.7133529169271875,5.73903040157005,2.5679534154026507,0.5496924672101781
1.7184968185622171,5.738977604068719,2.6078799187463355,0.4265698396088234
1.720979214459664,5.738952123762441,2.6271466137575556,0.3495324108366564
1.7230292319319598,5.738931081189538,2.6430568148438187,0.2685337950931703
1.724021455099351,5.738920896312131,2.6507572614723878,0.21863000265719781
1.724843776900848,5.738912455362022,2.6571390405362254,0.16666863452023925
1.7252443778029878,5.73890834326328,2.6602479465126287,0.1347920720978236
1.7255781492173057,5.738904917147757,2.6628382002082924,0.10170062670990035
1.7257407297726923,5.738903248278503,2.664099911858645,0.08156605486008635
1.7258802185114985,5.738901816442183,2.665182416265542,0.06016283338113545
1.7259457397318103,5.738901143873634,2.6656908938876813,0.047698578851352424
1.726011260952122,5.7389004713047385,2.6661993710241743,0.032229949785759354
1.7260393694924958,5.738900182773224,2.6664175070784557,0.023995063540835693
1.7260531302846516,5.738900041519969,2.6665242975402297,0.01946580646832574
1.726062831764772,5.7388999419351645,2.6665995857472846,0.016117858211023673
1.7260713114129147,5.738899854892348,2.6666653919350956,0.01325398046237794
1.7260797910610575,5.738899767849526,2.666731198115017,0.010879335846646677
1.7260889924665215,5.738899673397924,2.666802605472701,0.00967179228279328
1.7260975248290287,5.738899585813981,2.6668688207251097,0.009885267041422216
1.726115900034898,5.738899397194106,2.667011421167013,0.011562311600140575
1.7261347501328124,5.738899203699477,2.667157706961357,0.013421823975348359
1.7261574132006154,5.7388989710650025,2.667333583177978,0.015683963901475043
1.72624764009953,5.738898044893106,2.6680337863929884,0.02481552160718865
1.7263754363828718,5.738896733073359,2.6690255441814013,0.03785839223943023
1.7265884585513904,5.738894546413035,2.670678689898706,0.059656645727576854
1.7269456802977954,5.738890879544093,2.6734508762796314,0.09623240238479909
1.7275636728382722,5.738884535847586,2.678246715632027,0.1595004113539298
1.728658755842947,5.738873294739458,2.6867448328375967,0.2715786853713422
1.730648602970801,5.738852868564603,2.702186155457133,0.4751798719474213
1.7343560306142025,5.738814810241819,2.730954544535412,0.8544531955491665
1.7414456890104006,5.738742028865741,2.785962006625278,1.5796467908364893
1.7553731753311763,5.738599040211804,2.8939977579615386,3.004178087219068
1.7844708203524697,5.738300260323246,3.119594582549159,5.980232695275324
1.8634251782124198,5.737489272173733,3.7310210366814895,14.05536422280454
1.9556528330191216,5.736541490816452,4.4441623656759575,23.487943499600732
2.1647911729552374,5.734390653366911,6.058234295540765,44.87745585963224
2.5407700636505117,5.73051919694232,8.952993653829102,83.33038762792805
3.1396930302904775,5.724341189509559,13.554081973230698,144.58465404246766
3.906400131390278,5.716413951177209,19.43509207229166,222.99882566997323
5.422080797784128,5.700681731405975,31.047944735157657,378.0134239826254
7.554043492675248,5.678413925077779,47.36998974749418,596.057541610387
11.123170743766355,5.640767616243517,74.68148084509136,961.0860115355626
17.326213758645558,5.574226677392097,122.13243452921745,1595.495184954319
28.680592650867673,5.448671115645221,208.97032515142615,2756.751303406272
50.7005505237641,5.190621291235197,377.3549278566126,5008.817224063961
101.71053107694851,4.509494019545913,767.3896662832761,10225.804310303374
163.6719862952461,3.4815731562352403,1241.1424666400098,16562.84079376682
204.2872111978854,2.6335106086962043,1551.6788246219753,20716.71613350757
231.75141479076635,1.936423603049844,1761.6637167780334,23525.58591341967
249.88297093191343,1.391960975922595,1900.2929519643433,25379.969926085487
261.39420568633574,0.9985367033819489,1988.3047607651185,26557.268196471396
269.9008574027374,0.6886115513025162,2053.3442696717443,27427.276198498294
274.8401898733708,0.5234363008428103,2091.1090173482644,27932.44073521518
278.99243134041956,0.43583554024206816,2122.8558754957985,28357.106446474423
282.5515079408049,0.4390756565204547,2150.0675545196937,28721.106904485903
286.1105845411903,0.5145108998374749,2177.279225333387,29085.107362465198
290.8311177240621,0.6695995610416655,2213.3710450988515,29567.89445395794
295.7349728140349,0.8484147580875113,2250.864476262724,30069.4305821888
302.5517605800314,1.0938176278414244,2302.98360351701,30766.609695345694
314.1952550194259,1.4821561675596993,2392.006231100524,31957.43467103157
328.7581500866096,1.9153824006106366,2503.34961115032,33446.837981182616
347.225646541105,2.4002526313351398,2644.546217766639,35335.57989783924
370.2744380464923,2.9311124807128444,2820.76974619286,37692.86848522539
401.6740317986452,3.557885079748831,3060.840461762281,40904.22574681982
448.0003913618028,4.336687267894061,3415.035635332278,45642.200775773
515.00605712117,5.244298040323985,3927.3366111746213,52495.12800741673
609.5527173149934,6.2104787370219245,4650.204574016364,62164.77869411938
733.5225950516556,7.064179528535933,5598.02946909587,74843.65503143224
913.747243403884,7.64833878729042,6975.9536551733345,93275.92317493632
1170.332041176335,7.296309938928579,8937.693054538118,119517.8375576946
1306.7213697680672,6.509249882807806,9980.467375862389,133466.8988956959
1426.1492500093018,5.3865909614559335,10893.561270424754,145681.24765673935
1509.6799069522333,4.268804836576852,11532.200310487498,154224.249290673
1565.7514638855164,3.287261028646815,11960.898936118612,159958.9031291591
1603.266143811908,2.4683587415311576,12247.71975091259,163795.673766495
1628.3357497445727,1.806827483495308,12439.39096397443,166359.63880947145
1644.854254998632,1.2948079636514476,12565.684204529083,168049.0498894355
1655.5201941887574,0.9223251276930358,12647.231291121188,169139.89652287494
1663.1910908431555,0.6432486520874365,12705.879596581717,169924.42863408403
1668.2631400189405,0.48555659331104034,12744.658255474982,170443.16661574302
1672.1280922034368,0.4278892422229953,12774.207980958754,170838.45014433333
1675.9623458162819,0.4617310831173304,12803.522998386827,171230.59401190068
1679.6058851399991,0.5590626946847801,12831.379897957055,171603.2327954298
1684.4326788630472,0.7268235968332453,12868.283440004487,172096.88755842054
1689.8862521017506,0.9263741275639538,12909.979062072283,172654.64547372985
1697.8680060711195,1.2080567116369751,12971.004040948697,173470.97015840662
1710.8843622599088,1.6269513298663036,13070.521370739596,174802.2029804349
1726.5776436098547,2.0745825096839177,13190.505288018046,176407.21523694985
1746.6383934176467,2.578464353345183,13343.880939357885,178458.90529449916
1770.7814663851375,3.110257404228654,13528.468225342825,180928.11024645687
1806.54059207024,3.7891974666684054,13801.866708902993,184585.33359729455
1858.6311736719995,4.611494453321418,14200.128256549577,189912.83777246042
1933.6898435599578,5.549569345214677,14773.993578235028,197589.3766956245
2037.8406029966977,6.503696522246486,15570.283995115982,208241.27553488477
2168.8423720342985,7.2706095060974185,16571.865108420523,221639.33042207206
2375.6570158066356,7.688595636884452,18153.0772839202,242791.05966131002
2649.252202688571,6.84884695569458,20244.86300483411,270772.6919483306
2767.0461812224776,5.924851795654125,21145.462598671256,282819.93528742914
2869.4572620568742,4.740545288568271,21928.45142381953,293293.91050036397
2935.17913139824,3.711030222040886,22430.931089934908,300015.53891016875
2980.579535259586,2.8090521578916903,22778.042013745653,304658.8128685235
3010.344194904992,2.084625910025979,23005.60911300799,307702.95911514584
3030.4722450300246,1.5014732305517033,23159.499060030037,309761.53223405837
3043.069657512687,1.0818079513567302,23255.813164193736,311049.918070912
3052.1936278455855,0.7512777728447757,23325.570903992862,311983.0616167735
3057.36405470004,0.5695405484789497,23365.101642930545,312511.86106181104
3062.5344815544945,0.4415807079549163,23404.632381721498,313040.660506848
3066.1730493293257,0.4346567877376022,23432.45122064438,313412.7908307498
3069.811617104157,0.5057284782972116,23460.270059495015,313784.92115465127
3074.3384109534823,0.6514666482820859,23494.87987193536,314247.89377619635
3079.176486763117,0.8272805254922458,23531.869604925287,314742.7024013235
3085.7554101339642,1.0651311385050353,23582.1690684809,315415.55420357484
3096.777750034622,1.436470708336668,23666.440878539073,316542.85130814905
3111.040033477505,1.8663911117061696,23775.48382599866,318001.5099028434
3129.0173450704797,2.3449777010203094,23912.93019140399,319840.1187181513
3151.613967459659,2.8729199000245136,24085.693708274786,322151.1622190603
3181.640801194243,3.4821789535885017,24315.265244014092,325222.1220182582
3226.137275109225,4.245712867850914,24655.46506962182,329772.94758334605
3290.5546584936087,5.141234933764247,25147.971102097825,336361.16119548166
3381.8684300016976,6.107378055921757,25846.114658912993,345700.1718911945
3502.9656888463055,6.984548627671902,26771.96915351828,358085.25441350194
3673.5347089692646,7.610569178761409,28076.06210277484,375530.00427884713
3923.3614346905533,7.413038044222025,29986.123130806158,401080.74459858966
4065.0943105758147,6.693106527401008,31069.74786419811,415576.31105957174
4206.827186461076,5.42420217312291,32153.372535192117,430071.8775203099
4288.685953673316,4.345298759727454,32779.227160220944,438443.8885522801
4347.398201690229,3.332982285311427,33228.114094058474,444448.6160218647
4385.287434042051,2.5153418335322106,33517.79779069372,448323.6935736181
4411.160844841798,1.8398164192923387,33715.61402333524,450969.8668306027
4428.02065753026,1.3215740522947488,33844.5164177773,452694.18473361054
4438.948466372257,0.9420860054627003,33928.06543134375,453811.81378293986
4446.861552019127,0.6539065960340155,33988.565254089604,454621.1154935241
4451.902364568429,0.4939342184929017,34027.104994295514,455136.65878484375
4455.73073321926,0.42962104163328246,34056.37494463603,455528.2007744198
4459.559101870092,0.4546066992255987,34085.64489493869,455919.7427639957
4463.128950940786,0.544974977106491,34112.93832310271,456284.8449615914
4467.99526108097,0.711919189711222,34150.143897740745,456782.5412202225
4473.241781614851,0.903913126998504,34190.25638653791,457319.12305847835
4480.854198289034,1.174253888360911,34248.4574315796,458097.67419655586
4493.618700853829,1.5891477666088414,34346.0489610476,459403.14897863223
4508.989900271345,2.0324392776671005,34463.57009798885,460975.2206757426
4528.631170491345,2.531542784630128,34613.73823589412,462984.00894069235
4552.560865872227,3.0647212604820258,34796.69370313954,465431.39094432094
4587.185302785672,3.7305135091708084,35061.41625279343,468972.5653069168
4637.790543346774,4.5422462492772,35448.320685609746,474148.157936343
4710.789314961563,5.4735312048240345,36006.435763653055,481614.02313400694
4812.551992332645,6.432414995496856,36784.46643282685,492021.68362738035
4942.062534671682,7.223340979681859,37774.64449379128,505267.22501628316
5142.588645614757,7.687890675268167,39307.77487222037,525775.8018012075
5412.2979946697005,6.972973945498502,41369.84833472143,553360.0144934879
5535.110871634907,6.073380725789993,42308.81898490869,565920.5598783039
5641.7664024887645,4.897284144651781,43124.25799346622,576828.6313193889
5711.53786843431,3.8438601495062388,43657.69843952908,583964.4275503592
5759.356008390413,2.921949259883644,44023.29387676392,588854.9726785906
5790.864485839663,2.174758974099542,44264.1931569882,592077.4658794662
5812.123763128236,1.5723252389477815,44426.73178101705,594251.7339515492
5825.591348191726,1.1309944386541937,44529.69872142352,595629.1156853731
5835.037898577894,0.79094041543223,44601.922686141035,596595.2507339515
5840.657178270678,0.5903984484427827,44644.88510533918,597169.9560853259
5845.6445680931465,0.45446152343375057,44683.01638617027,597680.0356288026
5849.749327821763,0.43155963987112966,44714.39948462212,598099.8451971305
5853.854087550379,0.5089046158103819,44745.78258304873,598519.6547654582
5858.224117250592,0.650020179623983,44779.19381322113,598966.5945142665
5863.086173702588,0.826657576005724,44816.36685281727,599463.8557317908
5869.6516057238405,1.0640533396573852,44866.56311578323,600135.3277216152
5880.65321650361,1.4348289570636221,44950.67635387919,601260.504778913
5894.905044810038,1.864636670414991,45059.63925474011,602718.0940861459
5912.864871774936,2.3429942562983626,45196.95180137606,604554.9146807328
5935.444579967048,2.8708114300035175,45369.58582664611,606864.2283009612
5965.4222463692595,3.479430199307895,45598.78122409374,609930.1595670427
6009.853164801058,4.242399412207342,45938.47951151236,614474.2805193806
6074.177537767376,5.1374580433048465,46430.27396202045,621052.9815964259
6165.373716322573,6.103547531898564,47127.51781874981,630379.9656059735
6286.3620558738785,6.9814905429570455,48052.538759867755,642753.9085299916
6456.575712049302,7.608847858697309,49353.913695156865,660162.3139531842
6706.143335821348,7.416733718611949,51261.99232203531,685686.5549142412
6848.110317148613,6.699013025194305,52347.40616979435,700206.06423645
6990.077298475878,5.431430380580474,53432.819995508646,714725.5735585727
7072.099537598276,4.352538522691617,54059.92405978032,723114.3034901355
7130.983019434508,3.3389276349030323,54510.119894756186,729136.5437000834
7168.9680341134435,2.520335172693659,54800.53572543091,733021.4172782245
7194.9125094510355,1.8437577868041874,54998.89516766899,735674.8585784199
7211.822163153191,1.3244837536280747,55128.178547804215,737404.2739133391
7222.773382554808,0.9444274246139173,55211.90649890461,738524.2972504698
7230.716161070164,0.6551433461535706,55272.63330438061,739336.6357648037
7235.754020500786,0.49491203000747147,55311.150444045605,739851.877029228
7239.580862150468,0.4298585339824871,55340.40870268556,740243.262846456
7243.407703800151,0.45387358524136806,55369.66696131119,740634.6486636839
7246.971843871816,0.5435374949186913,55396.9167253442,740999.1669799249
7251.841391090984,0.7103438912337884,55434.147027725776,741497.1943069928
7257.068566548882,0.901623972311134,55474.11158993554,742031.7976498178
7264.644640919206,1.170839997352596,55532.03474512146,742806.6319205414
7277.37857717227,1.5851637317203477,55629.39252287131,744108.9805681113
7292.716903346906,2.0280186230141486,55746.66225930114,745677.6901919487
7312.314006707666,2.52660693986788,55896.49263288153,747681.9613419633
7336.217198980457,3.0598427767079057,56079.24536691057,750126.6327703695
7370.721798652135,3.724228704672026,56343.05154943565,753655.5509166654
7421.169215719281,4.534807810432671,56728.74912516978,758815.002329396
7493.94843480646,5.4653188586089785,57285.18530738623,766258.4130442826
7595.453409008497,6.424623791853463,58061.24529323076,776639.7172416032
7724.790078710532,7.21800615260445,59050.093509817045,789867.4760051041
7924.6252192657785,7.6873328657782,60577.9403236413,810305.384587494
8193.90150946878,6.985634169107458,62636.7019139741,837845.3066814883
8317.23767427723,6.089011719389435,63579.6729923947,850459.3707255838
8424.337454692894,4.9141536769440135,64398.50820155044,861412.8772770923
8494.55778490425,3.858201333433708,64935.38024805912,868594.5805824785
8542.640492270139,2.934200921068938,65302.99830518483,873512.1840369427
8574.341884718426,2.1845466789655346,65545.37243292591,876754.4073965498
8595.724625258752,1.5800693904231484,65708.85493872028,878941.3025301093
8609.290259496398,1.136329449906195,65812.57147917766,880328.7121300151
8618.77227533591,0.7952693356555494,65885.06656943163,881298.474366836
8624.450192531891,0.5923836660855261,65928.47728781286,881879.1768011762
8629.4331301973,0.45561832102224625,65966.57451539367,882388.8010053678
8633.595191347638,0.4315097046345603,65998.39570229816,882814.471010486
8637.757252497977,0.5103110287893595,66030.21688919073,883240.1410156041
8642.12756454991,0.6518247214695206,66063.6302657623,883687.1096415607
8646.999729500392,0.8289025568250918,66100.88057654265,884185.4046940587
8653.586786844075,1.066980323541941,66151.24215821075,884859.0883887274
8664.65729024417,1.4396863798149087,66235.88208641553,885991.3113592122
8678.939815780657,1.8698152720333308,66345.07964418984,887452.0401900983
8696.951303908832,2.348842001366056,66482.78711809746,889294.1443703964
8719.580509919571,2.8770085599159017,66655.79951821039,891608.5203227075
8749.7042148969,3.4875193838607546,66886.11137642708,894689.3875153484
8794.329598915549,4.25214314865024,67227.29633661338,899253.397210882
8858.929701423056,5.148537517532462,67721.19871487895,905860.2982081512
8950.473452355156,6.114711631820581,68421.09970953125,915222.8297808464
9071.78015693773,6.99023795119746,69348.55441371351,927629.3331201446
9243.050693029503,7.613443891085415,70658.0093448786,945145.8297165236
9493.375477563904,7.404870981849639,72571.87629237676,970747.508419249
9634.639268027959,6.68036334846915,73651.91355668426,985195.0997055095
9775.903058492013,5.408521377239166,74731.95080996717,999642.6909917272
9857.406143030956,4.329728577053723,75355.0854899827,1007978.3249862123
9915.753609024423,3.3202043327570276,75801.1830773498,1013945.7447934238
9953.43750325883,2.5046356573532953,76089.29660480468,1017799.8216250077
9979.159302373791,1.8313684893391555,76285.95351646784,1020430.4889710869
9995.912297584817,1.31535276133623,76414.03912509374,1022143.882239329
10006.790730622482,0.9370643856262706,76497.2105638533,1023256.4614349279
10014.638318299192,0.6513264642114235,76557.209568783,1024059.0644159375
10019.684386558683,0.49193262486654576,76595.78945940912,1024575.1452288304
10023.517453437922,0.4291552282659874,76625.09530572651,1024967.1677242038
10027.35052031716,0.4562039121520122,76654.40115203641,1025359.1902195773
10030.93399846914,0.5481093400082644,76681.79875903347,1025725.6863156573
10035.792343584468,0.7153027671763713,76718.94340578257,1026222.5679604341
10041.082147161973,0.9088869902757707,76759.38678321417,1026763.5765219388
10048.774405388582,1.1816912622947868,76818.19821128849,1027550.2933625407
10061.601830312196,1.597704493477284,76916.27073505666,1028862.2034559973
10077.04439584354,2.041943979935444,77034.3374072621,1030441.5740397325
10096.780505308192,2.542138082165959,77185.23051885926,1032460.0618785939
10120.764077480373,3.0751169536381235,77368.59775410664,1034912.9540683482
10155.646393617577,3.7439145261346085,77635.2917149089,1038480.5027303731
10206.590425448687,4.558083117804381,78024.78608039088,1043690.7448450944
10280.059837908246,5.490955800472545,78586.49902389527,1051204.7442907845
10382.371750193159,6.448805325695722,79368.72829674797,1061668.5771493667
10512.240557230984,7.234272691324388,80361.6447567594,1074950.7596444038
10714.23571638478,7.688256843208349,81906.00572326305,1095609.5816370128
10984.8486235524,6.944554272255449,83974.98602390979,1123286.2046881586
11106.501774309936,6.038806803401163,84905.08936707315,1135728.1404100354
11212.17324450848,4.860352496534559,85713.0042175201,1146535.5681803569
11280.973419398777,3.8125107561123115,86239.01831237014,1153572.0267373763
11328.216007427116,2.8952318932807484,86600.21313700022,1158403.7079550114
11359.306753286204,2.1534228898030667,86837.91849870581,1161583.478138631
11380.297513788322,1.5554799069865963,86998.40407642364,1163730.283965632
11393.553691085232,1.1193705779693286,87099.75463348052,1165086.0442136654
11402.923465974534,0.7815218759135741,87171.39156792276,1166044.3271366688
11408.420990779787,0.5859023636681636,87213.42308186735,1166606.580147216
11413.91851558504,0.44397919618856707,87255.45459580004,1167168.8331577634
11417.600315919715,0.4334340096352873,87283.6039261823,1167545.3850417
11421.282116254391,0.5034242862748878,87311.75325655923,1167921.9369256364
11425.741444058916,0.6460860923554613,87345.84719979131,1168378.0095350249
11430.565781556988,0.8211782894423396,87382.73183710944,1168871.4130899475
11437.084128897603,1.0571013745415725,87432.5680845938,1169538.0695482413
11447.916689244954,1.4230941447444265,87515.38879510679,1170645.9571673041
11462.095609826545,1.8521494826983964,87623.79421713705,1172096.0899208095
11479.931083600817,2.328880453528484,87760.1559414943,1173920.1924359142
11502.389677860769,2.8557983978857835,87931.86389136697,1176217.119268011
11532.01568079633,3.459822782393271,88158.37050889581,1179247.0845580378
11575.978275421765,4.218752306763065,88494.48802733379,1183743.3082323633
11639.637867998315,5.110497967624921,88981.1996149084,1190254.0196605457
11729.992153720032,6.076213403728723,89672.00638731307,1199494.9000498694
11850.197152103128,6.959735614795022,90591.03779651794,1211788.7276573011
12017.844714484858,7.596570247015728,91872.7929358351,1228934.6887940785
12265.539654886144,7.443555679080962,93766.55300775822,1254267.403219205
12409.520906831774,6.740190563498648,94867.36654558919,1268992.9197444613
12553.502158777404,5.4777543729365785,95968.18007651734,1283718.4362696905
12636.54593899798,4.39943776453769,96603.09410350269,1292211.643138149
12696.553767291536,3.3773045356615046,97061.8859804707,1298348.874584862
12735.1561222799,2.552664913189499,97357.02158806995,1302296.8859308593
12761.564126257908,1.8692464317664237,97558.92487328142,1304997.7340879657
12778.794704813212,1.3434020948878944,97690.66184273131,1306759.9716419932
12789.90256302168,0.9595272218212583,97775.58734722984,1307896.0150323496
12798.023950568191,0.6636188281430757,97837.67968955176,1308726.620579304
12803.036083245348,0.5018750090908118,97876.00011892262,1309239.230669621
12806.864224336452,0.4317013120281069,97905.26830069785,1309630.749385676
12810.692365427556,0.44939305593688383,97934.53648246852,1310022.2681017308
12814.231482975349,0.5348098221915996,97961.59492499084,1310384.2272681524
12819.109935010318,0.700278244202191,97998.89329448009,1310883.16532493
12824.226168433826,0.8874279795034901,98038.00962958319,1311406.4221990467
12831.582583283629,1.1498157556323676,98094.25334728126,1312158.7910454967
12844.100170637968,1.5597231733711492,98189.95698329255,1313439.0128587582
12859.233633046355,1.9999033262542298,98305.66038013017,1314986.7702769379
12878.549365387255,2.4951753530428937,98453.33946257524,1316962.2645300988
12902.269853855587,3.0284861777241385,98634.69525625063,1319388.250137288
12936.007818717933,3.683808072762649,98892.64000286467,1322838.7615920226
12985.442810088965,4.486889832501491,99270.59689368073,1327894.6683334736
13056.810995094995,5.412283534709082,99816.24475353135,1335193.767163868
13156.648165783135,6.3740696776347585,100579.55319876844,1345404.4986787215
13284.81447031162,7.183046098860454,101559.45298494647,1358512.5596921642
13480.111332133174,7.682584986672211,103052.60169257277,1378486.321047804
13746.5361071569,7.066286041547981,105089.56122903366,1405734.6077120474
13873.23409394717,6.190664475657951,106058.23492166268,1418692.4982217767
13983.188735366895,5.025647275346886,106898.89680417987,1429937.9823896517
14056.438336925234,3.9531523941391637,107458.92907704048,1437429.5009284853
14106.288407711336,3.0155989312129456,107840.05945580416,1442527.859438444
14139.28924047386,2.249591261585963,108092.36842296075,1445902.9815575758
14161.496216266802,1.6317356949361261,108262.1525966244,1448174.1744010148
14175.7260429404,1.1718729741752612,108370.9472107226,1449629.513516335
14185.448929199638,0.824139219885336,108445.2838616415,1450623.9104975108
14191.553639758185,0.6045250141893671,108491.95762964952,1451248.262730841
14196.53697195087,0.46251587322787235,108530.05786198562,1451757.9272848095
14201.147006133106,0.4322161916980173,108565.304031938,1452229.413215191
14205.451718509352,0.5168097638733478,108598.21585384409,1452669.6727099167
14209.87360965798,0.6618496313509961,108632.02356995395,1453121.9165284745
14214.796796421413,0.8411462835159323,108669.66395838362,1453625.429778017
14221.512534269306,1.0832913018450245,108721.00935584352,1454312.274122819
14232.948191542646,1.4660734619424198,108808.44105449482,1455481.8427845486
14247.402255532435,1.8980596046397187,108918.95008220471,1456960.1155128244
14265.696163846187,2.380715215314311,109058.81676752599,1458831.103891795
14288.5888694496,2.910626286430264,109233.84371057706,1461172.4289609152
14319.505765838288,3.5312966746271206,109470.2198712853,1464334.4188902932
14365.188223244333,4.304781847783519,109819.48661992932,1469006.5395472667
14431.284532412545,5.208223236088183,110324.82815078154,1475766.4633549883
14524.701845298381,6.1745136734105746,111039.05332272875,1485320.6113153948
14647.687518645695,7.036548011052135,111979.34437455074,1497898.8292481375
14824.58551907145,7.635932791522609,113331.8239079849,1515990.8682690966
15078.868495943227,7.337848104419664,115275.95283446902,1541997.3665271245
15217.00477054852,6.5738468983855896,116332.07829358715,1556125.0947340282
15341.249303952296,5.431340108465355,117281.99398199015,1568832.0611274373
15425.351966865344,4.320689991040215,117925.00367031492,1577433.5640020815
15482.790600136397,3.3264963957996483,118364.1526380694,1583308.033990114
15520.867510264494,2.5029241506218223,118655.27091166702,1587202.3060687836
15546.450979330148,1.833299927163907,118850.8701689432,1589818.8258683868
15563.289544214551,1.3147535908547496,118979.60997254823,1591540.9706761867
15574.135730910813,0.9375807541974587,119062.53485089687,1592650.2519143224
15582.003937722124,0.6511023506243648,119122.69148573573,1593454.9636934919
15587.058473524447,0.49155675348562,119161.33610601298,1593971.9105145284
15590.89273258388,0.4290711157442966,119190.65106017953,1594364.0549387292
15594.726991643312,0.45652183213601305,119219.96601434296,1594756.19936293
15598.313360026134,0.548732820598364,119247.38571215556,1595122.9910540113
15603.170025562533,0.7159688247068792,119284.51750876835,1595619.7009217553
15608.468627731092,0.9098745926847261,119325.02814647912,1596161.6093489772
15616.176888689522,1.183170433563685,119383.96190996566,1596949.9628504692
15629.016313754732,1.5993870768715848,119482.12615790215,1598263.1002444795
15644.473069267953,2.043812955297182,119600.3012920844,1599843.9220921397
15664.227816769135,2.544215221472018,119751.33686572507,1601864.3161145572
15688.221228237673,3.07713253562464,119934.779284433,1604318.2146068325
15723.154593478836,3.7465168244369824,120201.86348030514,1607890.984256858
15774.16545105554,4.5611491469280665,120591.86867352652,1613108.0608973019
15847.72750011962,5.494303885743402,121154.28974374164,1620631.5346443984
15950.146526718681,6.451892402944978,121937.3377847891,1631106.3224952568
16080.081416134532,7.236194563829428,122930.75925820212,1644395.2634884436
16282.364052579926,7.687947408749376,124477.3178059771,1665083.4868882615
16553.14515973367,6.938313694505929,126547.58365135445,1692777.312397349
16674.549464628057,6.031376159464126,127475.78424604486,1705193.7976947646
16780.009806312606,4.852529856662512,128282.08474490303,1715979.6325391282
16848.607219197133,3.805886354742199,128806.54851233328,1722995.353845397
16895.728851062293,2.8896068285193692,129166.81849194983,1727814.6644106351
16926.732352715237,2.1489340722459054,129403.85677895683,1730985.5117934877
16947.66678574721,1.5519442276919455,129563.91167204252,1733126.5567933067
16960.87900223374,1.1169264847483615,129664.92610568416,1734477.8210000712
16970.232721982644,0.7795449966672432,129736.44027619393,1735434.4619020484
16975.705788190673,0.5849260059310135,129778.28478302667,1735994.213437735
16981.178854398702,0.4439081969024754,129820.12928985409,1736553.964973422
16984.859022851957,0.43346477293532515,129848.2661382127,1736930.3499585465
16988.53919130521,0.5034694315307813,129876.40298656888,1737306.7349436712
16993.000238949517,0.64620473244406,129910.51007233412,1737762.9834476647
16997.824838153912,0.8213106169555503,129947.39670344634,1738256.4137682717
17004.344480484706,1.05727365140766,129997.24284224866,1738923.2026701556
17015.181215131182,1.4233823739213245,130080.0954516153,1740031.5172107862
17029.361968025096,1.8524538437965992,130188.51486189273,1741481.8373618405
17047.200501671512,2.3292201146804636,130324.89995455398,1743306.2528217388
17069.66191216567,2.8561501045040774,130496.62940333295,1745603.467680814
17099.29714800152,3.460290039257966,130723.20656832439,1748634.3772549035
17143.271869940065,4.219311957533236,131059.4167430942,1753131.8412359462
17206.948611429012,5.111120036543174,131546.25935209164,1759644.306549014
17297.324186059217,6.076800047037779,132237.22876159838,1768887.364236406
17417.547390140582,6.960098163506995,133156.3991953929,1781183.0538099804
17585.265218951085,7.596581039115409,134438.69132985274,1798336.201363844
17833.003937052395,7.442284018605497,136332.78577675042,1823673.3931014773
17976.897468191302,6.738534105120427,137432.9284562383,1838389.9380816454
18120.79099933021,5.476137945599211,138533.0711324412,1853106.4830618007
18203.80027428529,4.397843151485049,139167.72124467263,1861596.160943612
18263.77060839505,3.3760141853502095,139626.22638447542,1867729.5577156204
18302.352481843445,2.5515857182953683,139921.2053523997,1871675.4743355487
18328.74513989998,1.8683992065792445,140122.99127758664,1874374.7530061048
18345.965194111235,1.3427718735477736,140254.6477618192,1876135.9141948977
18357.067761643902,0.9590283826416199,140339.53280276968,1877271.4164874342
18365.183614830556,0.6633261135071343,140401.58282209528,1878101.456014077
18370.196765206947,0.5016284113760087,140439.91102623384,1878614.1701883862
18374.024550482787,0.43163258779797964,140469.1764829672,1879005.6525138272
18377.852335758627,0.44953320381185524,140498.44193969833,1879397.1348392682
18381.391924720792,0.5350796243857544,140525.50398214476,1879759.1422190343
18386.270520354832,0.7006066268506232,140562.80344361547,1880258.094962218
18391.39002782624,0.8878783777395386,140601.94480436432,1880781.6866857845
18398.753268292498,1.1504776585756469,140658.24069863625,1881534.753614252
18411.278552248797,1.560549802713325,140754.00316414615,1882815.7625885454
18426.41858357609,2.000811196361915,140869.7567656182,1884364.1918352607
18445.74342414338,2.4961858939667962,141017.50546206525,1886340.6176216824
18469.469839133762,3.0294873322097913,141198.90653870016,1888767.2093569695
18503.233213316173,3.6851045805555858,141457.0455127736,1892220.3195204579
18552.70166318227,4.488421661599307,141835.25815283865,1897279.6481906825
18624.11642177097,5.413959900797185,142381.26200836213,1904583.5102802136
18724.008242434753,6.375615617381077,143144.98816532613,1914799.8310578563
18852.211475104024,7.1839908602310585,144125.17013951443,1927911.6688537423
19047.662192658077,7.682399968565547,145619.49493629448,1947901.16562616
19314.174711242737,7.062973354106811,147657.12502771162,1975158.426160786
19440.73954952225,6.1865634388208814,148624.78059394035,1988102.699059577
19550.58097227593,5.021184442060855,149464.57674389705,1999336.6039184774
19623.709159206923,3.9493603594538755,150023.68066115957,2006815.7049159997
19673.488455629642,3.0123561688443954,150404.2698808126,2011906.825059349
19706.43728954285,2.2470029158944334,150656.1812552126,2015276.6290559922
19728.61143703842,1.629677178633652,150825.71441635003,2017544.4644230816
19742.814646797302,1.1704559458303088,150934.30551544178,2018997.0813240833
19752.527772002628,0.8229897763660697,151008.56752799748,2019990.4800046866
19758.614512660763,0.6040725166370519,151055.10390033503,2020612.994387148
19763.59702584127,0.4622660924275199,151093.197865816,2021122.5751775708
19768.20972325703,0.43234242521819916,151128.46439291787,2021594.3334870718
19772.51670231646,0.5173053373838795,151161.39354044793,2022034.8248041896
19776.946161231408,0.6627368825066504,151195.2591116673,2022487.8426073042
19781.873578888124,0.8422154166194842,151232.93184252945,2022991.7885665593
19788.601427310532,1.0847424713432636,151284.36982496394,2023679.871506379
19800.067936904252,1.4683601067724503,151372.03739443686,2024852.5955535555
19814.537305145826,1.9005140613140301,151482.66341667128,2026332.433506479
19832.85582313669,2.383478435283508,151622.71823759767,2028205.9388117276
19855.770667170305,2.913516089496688,151797.9144176684,2030549.5280631797
19886.75684752412,3.535058868442794,152034.8202601223,2033718.6039300815
19932.531519011583,4.309293252701034,152384.7919888384,2038400.1556757255
19998.75804402012,5.213307002818353,152891.12902347022,2045173.3971581135
20092.336849667456,6.179531737268978,153606.5888016532,2054744.061604133
20215.462206683078,7.0402778530468115,154547.9476900396,2067336.5655225222
20392.844346161186,7.637367071794835,155904.12855542023,2085478.1193061618
20647.4539493558,7.331200193728693,157850.75447734763,2111518.0228938144
20785.316025401273,6.563699876408846,158904.78341687736,2125617.707758688
20908.818029846578,5.424164041092699,159849.02196488949,2138248.7328586113
20992.824112890292,4.312518271659438,160491.29317422936,2146840.35813819
21050.049459172384,3.32028681950359,160928.81139898504,2152693.014445161
21088.036600645177,2.4974840779657543,161219.2433101667,2156578.105537988
21113.53947615121,1.829125868675196,161414.22636451427,2159186.3827241226
21130.327576304266,1.3116073733407152,161542.5803237656,2160903.3663096554
21141.148272189574,0.9350653955056369,161625.31030189202,2162010.0405044565
21148.983565135193,0.6498176434004022,161685.21528589536,2162811.3860559375
21154.040726715277,0.4905695303920443,161723.87997726435,2163328.6014253497
21157.878377026,0.42885524859490254,161753.22085603332,2163721.0926858527
21161.716027336726,0.457375907799898,161782.5617348006,2164113.583946356
21165.31041243438,0.550409149025108,161810.0427215629,2164481.195537691
21170.162393817474,0.7177506938004102,161847.13870113346,2164977.4263390405
21175.484944704636,0.9125320752659543,161887.83243496483,2165521.784093825
21183.236462932866,1.1871578539367775,161947.09691664382,2166314.561682682
21196.107222722017,1.603895406552113,162045.5007241487,2167630.90379941
21211.60209359601,2.048828953125699,162163.96725724026,2169215.6238515927
21231.406830226624,2.549797821995859,162315.38500740303,2171241.130454516
21255.4266811899,3.082563453746344,162499.02954955248,2173697.733015549
21290.49601537703,3.753520207766592,162767.15327052414,2177284.408732627
21341.68501220229,4.569411055654374,163158.5203897174,2182519.704359143
21415.49414966685,5.50336146928886,163722.83052010907,2190068.4487872487
21518.199731781468,6.460339316055758,164508.0693448841,2200572.543772711
21648.314421621937,7.241681857165026,165502.8653808987,2213879.8736465867
21851.359012716002,7.6877219322259585,167055.2493132729,2234646.025078879
22122.601285620705,6.922781861044252,169129.04080197768,2262387.0157825584
22243.379814701213,6.0127756403490125,170052.4569135868,2274739.5005797967
22348.309859013094,4.832882475826063,170854.70292617555,2285471.099871518
22416.397613317225,3.7892359718201227,171375.27003058602,2292434.6964339386
22463.2153840417,2.875454110776804,171733.21679460228,2297222.9299512436
22493.999519625257,2.137636310066815,171968.5778880284,2300371.3419222
22514.79213003841,1.5430493301534756,172127.54845606882,2302497.882177148
22527.894120898924,1.1107706739589172,172227.7201462848,2303837.873185069
22537.207454245286,0.774569054586993,172298.92553427847,2304790.383614267
22542.620660660963,0.5824155262893996,172340.312377071,2305344.013058697
22548.03386707664,0.4436790432281106,172381.69921986063,2305897.6425031265
22551.708970372645,0.4335652520148484,172409.7973396548,2306273.509455123
22555.38407366865,0.5036261643701451,172437.89545944758,2306649.3764071194
22559.850772210597,0.6466075307224448,172472.0457460095,2307106.20285014
22564.676256383016,0.82176185993103,172508.93913958204,2307599.7236798177
22571.200293778245,1.0578634724484348,172558.81887614026,2308266.96208183
22582.05118767382,1.4243705706465866,172641.7797324448,2309376.724743305
22596.238093158154,1.85350225593467,172750.24617202333,2310827.6741434084
22614.08708954767,2.3304006498379195,172886.71124470263,2312653.1596682416
22636.55856856208,2.857396930826431,173058.51765606497,2314951.404273551
22666.22404584309,3.4619276157235053,173285.32601113565,2317985.406756489
22710.23885399353,4.221283594905014,173621.84263400978,2322486.970508505
22773.972447150547,5.113352491414497,174109.119857723,2329005.25026019
22864.41966347778,6.079020060078512,174800.63694059098,2338255.6350192823
22984.708120393756,6.961760286635614,175720.3061807802,2350557.9982509394
23152.650466150422,7.5973310200448845,177004.3147481473,2367734.1080161273
23400.545798183113,7.439406422551285,178899.6064202992,2393087.317262337
23544.21617519585,6.734484286030264,179998.0428700685,2407781.039411179
23687.886552208583,5.4720210507993485,181096.4793179287,2422474.7615600126
23770.807659094964,4.393690421583095,181730.45528340767,2430955.4221540457
23830.678444703368,3.3726385080525123,182188.19928253084,2437078.6377177085
23869.206391787295,2.5487444870941354,182482.7659294645,2441019.039080792
23895.558286961725,1.8661646074433906,182684.24018351716,2443714.148774515
23912.750412097408,1.3411077593788852,182815.6831239007,2445472.453549264
23923.838961824596,0.9577090101017445,182900.46098405388,2446606.5221868805
23931.940033516094,0.6625549345406123,182962.39798571527,2447435.0499531296
23936.95581013256,0.500980147798501,183000.74626560145,2447948.0327231013
23940.78274209139,0.43145242861990696,183030.0051957885,2448339.427776519
23944.609674050218,0.44990642718330354,183059.26412597418,2448730.822829937
23948.150621369892,0.5358003019881731,183086.33655149097,2449092.969134142
23953.02940635954,0.7014773561077673,183123.63745752373,2449591.94124344
23958.15769502391,0.8890776141505129,183162.84595184625,2450116.4310533786
23965.539139400156,1.1522431528583394,183219.28101992415,2450871.3597657317
23978.08455415365,1.5627466514542914,183315.1973879828,2452154.427594065
23993.242003639683,2.00322918207378,183431.08415076145,2453704.6382628423
24012.591080337494,2.4988860914928015,183579.01813285262,2455683.542771519
24036.333717062993,3.032184099137669,183760.543218009,2458111.7935660006
24070.163826070697,3.6885878046010188,184019.19239364273,2461571.728956712
24119.720401308085,4.492548582676876,184398.0787674135,2466640.070547548
24191.258018133107,5.418513312348516,184945.02189409838,2473956.497821359
24291.295072538003,6.37991288018263,185709.85837726842,2484187.6722121653
24419.60038680849,7.186851431964379,186690.82073961725,2497309.9502857975
24615.453758670446,7.682516459307446,188188.2239226306,2517340.628062803
24882.21076993842,7.055331158429275,190227.72313035806,2544622.8938040743
25000.0,6.249782492574342,191128.28443049124,2556669.651490865
