e_num,3
MU,0.9999092387347029
ZZ,3
XI_H,0.9534625892455922
ALPHA_H,5.0
XI_P,2.6382309844425538
ALPHA_P,5
T_MAX,25000.0

t_arr
0.0,252.5252525252525,505.050505050505,757.5757575757575,1010.10101010101,1262.6262626262626,1515.151515151515,1767.6767676767677,2020.20202020202,2272.7272727272725,2525.252525252525,2777.777777777778,3030.30303030303,3282.8282828282827,3535.3535353535353,3787.8787878787875,4040.40404040404,4292.929292929292,4545.454545454545,4797.979797979798,5050.50505050505,5303.030303030303,5555.555555555556,5808.080808080807,6060.60606060606,6313.131313131313,6565.656565656565,6818.181818181818,7070.707070707071,7323.232323232322,7575.757575757575,7828.282828282828,8080.80808080808,8333.333333333332,8585.858585858585,8838.383838383837,9090.90909090909,9343.434343434343,9595.959595959595,9848.484848484848,10101.0101010101,10353.535353535353,10606.060606060606,10858.585858585859,11111.111111111111,11363.636363636362,11616.161616161615,11868.686868686867,12121.21212121212,12373.737373737373,12626.262626262625,12878.787878787878,13131.31313131313,13383.838383838383,13636.363636363636,13888.888888888889,14141.414141414141,14393.939393939394,14646.464646464645,14898.989898989897,15151.51515151515,15404.040404040403,15656.565656565655,15909.090909090908,16161.61616161616,16414.141414141413,16666.666666666664,16919.19191919192,17171.71717171717,17424.242424242424,17676.767676767675,17929.29292929293,18181.81818181818,18434.343434343435,18686.868686868685,18939.39393939394,19191.91919191919,19444.44444444444,19696.969696969696,19949.494949494947,20202.0202020202,20454.545454545452,20707.070707070707,20959.595959595958,21212.121212121212,21464.646464646463,21717.171717171717,21969.696969696968,22222.222222222223,22474.747474747473,22727.272727272724,22979.79797979798,23232.32323232323,23484.848484848484,23737.373737373735,23989.89898989899,24242.42424242424,24494.949494949495,24747.474747474746,25000.0

"y_arr (each row: variable index, then values over time)"
y[0],0.06566284635847723,0.2633486771009108,-0.3199561003321544,-0.2947818154406562,-0.08375464154764274,0.14655258762332013,-0.34693523406004984,0.019375367221399258,0.1355979124213788,-0.13915723522387885,0.23541357062998697,0.33001237371970676,0.017608912338493758,-0.30245993619940265,-0.348070826087028,0.03720524514920203,-0.3021952673812106,-0.27937255266185923,0.06725408548254684,0.012728020630583023,-0.026628663109520258,0.3333105006741086,0.3174121090952244,-0.2213622542901657,0.26844012178185334,-0.15063670430032547,-0.27130689907346156,-0.30739037618357934,-0.2659466446413706,-0.20061196199095013,0.3005243185202357,-0.21575699363345804,-0.27344606452271736,-0.23283895048567652,-0.1718928721928828,0.15049775175370186,0.28141453771743374,0.3459072959844027,0.3434380919625885,0.22707077141636553,0.193560088510614,-0.21134529750806655,-0.08841304647401832,0.04487446357083744,0.26103150931795,0.28279017299570236,-0.29031329740815653,0.04612913189763674,0.314477895377855,-0.33195680178042425,-0.10206208108764961,0.3567437611387,0.2460961686138989,-0.05462648801483848,-0.01739188515374229,0.1047281726837507,-0.26143915490999664,-0.23386839906867593,0.030941646836690852,0.06945958667073351,-0.18312045287714257,-0.28746261196166806,-0.29258765948614435,0.2876646047507352,0.1472916064376599,-0.31498333762536357,-0.29412327990042525,-0.0664604914149231,-0.06904625827423587,0.14958328864470435,0.32548949733315424,-0.1959141276021309,-0.23526390711889966,0.1925410965352402,0.22572568445038924,0.1029431105778803,-0.05021559013140699,0.26529731223590464,-0.32596127131991554,-0.12893815839924722,0.26348961233662826,0.3216500405187344,0.19430164721699716,-0.31150738218848684,-0.1594664433263059,-0.32483945727628805,0.32944275832840686,-0.17023385318855938,-0.11494156414941203,0.23025900999134055,-0.23227908252078602,-0.2217001318758917,0.028008955064351915,0.2731364607236648,-0.2094815756329904,0.2348180579290483,0.13737389273070005,0.16741641197839044,0.27650456750430064,-0.30972551788254066
y[1],0.07402866437897193,0.014195887273862357,0.09782445763242938,-0.03406995599223121,0.24426266591438656,0.2206445120761776,-0.09286493911656628,0.1486963180085787,-0.0993113901437199,0.08760513949208863,-0.1513360496476618,-0.05102803501703631,0.2091046991325954,-0.07316445548282521,0.086819457217811,-0.0942924467970987,-0.054139088979366964,0.20856340966243142,-0.035119254368171045,0.27875537598572614,-0.05882681533981262,0.08252671591154191,0.14460004967557663,0.2402545183726892,-0.1651537486693814,-0.049135970735933926,-0.10147367276941459,-0.04590561123096862,0.05949363613237776,0.24124324965678628,-0.08056566353391591,0.004812508868244284,0.16168689641074174,0.1344791677067346,0.12224868919510651,-0.13465666349264077,0.11184867848655217,0.006164879326441834,-0.007139105255623764,0.2034175864836972,-0.17680834601840484,0.00770797127290378,0.06965967023631432,-0.06433701803233738,-0.19835688665155846,-0.010099465114547542,0.05886128278396515,0.16133425425507103,-0.15374127006984575,0.031069043220281253,0.05374683484853246,0.05505403918617355,0.024510874289326075,-0.16898687289236594,0.22237317623008196,0.1848519648817216,0.046199924585027884,0.27565170689463886,-0.047517981715332565,-0.04704127639073829,0.14626750785280668,-0.0041067963863439414,-0.17978975385990492,0.024451750943428684,0.07147535600252214,-0.12268483108640114,0.11915961287683617,0.024069455056839828,0.1310838209441508,-0.18069008837945705,0.04721040566701433,0.08374854317954551,0.0678198470590432,0.040844877362940776,-0.08605493514031093,0.10096345919931479,0.05576702206219122,-0.10840163383175068,-0.10405784003780195,0.1120604973438293,-0.12208303310874875,-0.09694722139966067,-0.20584224415210173,-0.10748600370284571,-0.13943474237908243,-0.009013430398881086,0.07889406611447454,0.12309750703460694,0.2612843692487261,-0.1792911043242749,-0.04434910102855917,0.27231832448818327,0.011091169519684536,-0.036687610524068194,0.25944093366940085,0.1753648454205135,0.12091414044865453,-0.28429429332043005,0.09201978816349705,-0.16810152719414506
y[2],-0.3363593245003476,0.2199587068717228,0.049596623059796084,-0.15158987771425442,-0.2528336618502343,0.24507181387796292,0.052168708769198394,-0.33006203298035547,0.32738621801160783,0.3291818941086436,0.1995926987993997,-0.12393399131292128,0.3030738564963047,-0.18148945020590865,-0.005483335643117384,0.32618096403787605,0.18353156901568557,-0.0489143290093754,-0.3412795787472139,0.24633389093800345,-0.35354868600480893,0.12751006870494075,0.061983993293298296,0.030034932334860456,0.12561031109546547,0.33731311252464147,0.2221992176813048,-0.11301978262759674,-0.24928345229758353,-0.1876729917528971,-0.12784871407139994,0.2893136563910046,-0.15654296827402747,-0.19867944356277625,-0.2854012946896099,-0.2749444894700978,0.18399118643491505,-0.07191205965036203,-0.07231745688356263,0.19840268369009761,0.2188385514377762,-0.2879919306150896,-0.3282440031102186,-0.34654288049991483,-0.15287819190734558,-0.19948144356385697,0.20046814364335244,0.30963492458256536,-0.05638418815702341,-0.01818449687816927,-0.34126783023922636,-0.004906881115414635,-0.26101593136059686,0.28879187093070713,-0.2794901076405377,0.29000971886604454,0.19309493061628769,-0.01816748253947671,-0.34756865199167314,-0.3353984017174999,0.26822324662416686,-0.21403397818345724,-0.022815716224345743,0.2223075812557332,0.29990139217776834,0.1301632957137895,0.16137791755245412,-0.33881878668273496,-0.33904745369153755,-0.2681751094637723,-0.12262836218649069,-0.30836873866789744,-0.24401057604278306,-0.30079916961683995,0.27085299476683483,0.3330221341407572,-0.337577990626929,-0.1977744687626642,-0.016549397324908146,-0.31802472421989797,-0.20514485925800824,0.032704553773343324,0.19026991621340855,-0.06120039159197455,0.29301957240918186,-0.17428084899074128,0.14267116656367768,0.2925830994333701,-0.15838689673368056,0.19195206379333202,0.2730874609562445,0.01757237558975373,-0.3493606874925715,0.21081971807211486,-0.017643375832756922,-0.18935217213870162,0.30749381595214836,0.14760198480884465,0.17702436046968414,-0.02580726664819772
y[3],-0.09394171858315267,-0.26600291402040804,0.3039983560687226,0.3585155912056527,0.06374082201828711,-0.23307534595507678,0.31937497199582304,0.04032382570421287,-0.002798058984190617,0.197690569305044,-0.12961670749289156,-0.3123868640055119,-0.13190853318485038,0.35079682365797266,0.26944773426740337,-0.015496692299845157,0.3347638899570386,0.25812240146497206,-0.0648475424155186,0.12941634154941747,0.19113307417276082,-0.2608948694868488,-0.22429403381705992,0.0921808116888179,-0.1593170070749575,0.19995788182691626,0.2781916580988373,0.3551485771309685,0.35447019923882617,0.07263489773916428,-0.1912460878263312,0.20364629949303287,0.20753599850771354,0.2585124263449242,0.13261203229754415,-0.12920630296888164,-0.16669532247422839,-0.2708061565540997,-0.27747262832911734,-0.13851262246152557,-0.3266577327651955,0.07130770121949867,-0.05981696131181428,-0.15103707745120612,-0.2252122421601744,-0.18992004229357112,0.26106466355759916,-0.15883689283678082,-0.35632820579193697,0.34040279001481627,0.05042514528123134,-0.3018645877779615,-0.21272745855907493,0.07222832677106496,0.0073523225822725545,0.07033673297695112,0.26059133951132857,0.08142414688991184,0.03730558143230284,-0.05799395777175121,0.09231848241770041,0.2145052229601945,0.13481007960725688,-0.2651141264955087,-0.3039249151860942,0.3501211944417268,0.2976282173019989,0.059249472208361714,-0.12950933656738828,-0.058963965428574405,-0.2979523578305302,0.14157480534232783,0.17741637016501277,-0.2958733972118498,-0.16384600299077284,0.029331631929899477,0.05109089669953103,-0.07792995058104658,0.2307210453211998,-0.018434742965860458,-0.07397539728128805,-0.27381775512797174,-0.08146491995626642,0.2561934111973092,0.13076541426458207,0.2600923556937248,-0.31148970108904883,0.01745976484922505,-0.03294494796496655,-0.10677085454836416,0.15648084358565054,0.16553522315144759,-0.039481051746192666,-0.32066202897736973,0.050137974213960386,-0.10459452999411357,-0.2707208669839025,-0.14725435519172386,-0.3690683291967797,0.13869480311486068
y[4],-0.20732996574678014,-0.09295168448230878,-0.0811189513701733,0.00941025309228734,-0.3321944242177085,-0.1520720302282871,0.16092635432632618,-0.2062766130010652,0.005030522575195965,-0.14732388180746275,0.26262033731157086,-0.12041967529205753,-0.29982882931334964,0.09592735116265835,-0.2767542301059087,0.031774850143629366,-0.15954558850187364,-0.203939305304451,-0.07101252040689213,-0.31411256546831634,-0.1349778027849287,-0.13022578160711226,-0.27959857767683666,-0.3422516928035797,0.33066689626084356,0.09901244473771946,0.22517216754694913,0.05824891313632622,0.012870316638995457,-0.3446616728189411,0.2843335584242499,-0.07750761709162157,-0.163718382284332,-0.031155960760013195,-0.2692422111047958,0.2111933565718693,-0.22996381864689874,-0.1889805427516441,-0.12225182463576315,-0.209030828738534,0.15358358197078872,-0.03076145805498801,-0.16576308657918556,0.10979928476196021,0.024333983316001114,-0.1757544433205802,-0.191612412328032,0.042071726401387406,0.05100264927982145,-0.1633169262268795,-0.21286086956851735,-0.15890169060604686,-0.12547705991252125,0.2656429283099706,-0.27498252326492817,-0.2480836789886739,-0.16859307773691407,-0.3267857557945885,0.21455626812012843,0.20383587864145272,-0.2360639325842291,-0.19367459342658616,0.33987573792908926,0.09149423002730915,0.06633205456884524,0.030190043951161996,-0.16121786212957692,-0.15960530178980137,-0.21569377233050321,0.3208205379778654,-0.06974827108063134,-0.15678704236193675,-0.3047865885418607,-0.10501481681922387,-0.07005292015319473,-0.16499810663855335,-0.2320440227839561,0.055223189498377165,0.28089289943381107,0.004245301072450627,0.22626504727159835,0.22934550244508173,0.3357974275648452,0.14133260136227876,0.27410063902853166,0.14292463309755027,-0.19199108764103567,-0.03681948563309572,-0.3231377765347713,0.3573403385527301,-0.016485853604667356,-0.28273296725929836,-0.18057543959129183,0.16536184372105486,-0.3475243439462385,-0.31719748909097106,-0.1270752127072344,0.3060076955325155,-0.06456479152751934,0.32858436271117736
y[5],0.28820843205548236,-0.2521293113121183,-0.18518949665125892,0.05762978882680384,0.12399464558305445,-0.2248538463062511,0.008898924147989283,0.3177170737055637,-0.35636772446801895,-0.26259518785993347,-0.2323600341628578,0.17481172975109194,-0.2115215618359222,0.015724188739692484,0.009739111082010619,-0.3670551301175906,-0.035056920845621425,0.14932708478896686,0.35263418571369903,-0.11118306845811937,0.3206766894623053,-0.23348959193538132,-0.025832162155746092,-0.07477990842429166,-0.043219846251873605,-0.25109082212738454,-0.12645579255481107,-0.051055893760948864,0.10894226839045551,0.11809577785993758,0.16117648580677912,-0.25752377481889316,0.23872687397177766,0.2612735426900927,0.23030702874669623,0.2900218194183067,-0.22794645369366973,0.17446194867374806,0.1765098978681577,-0.2562154426349199,-0.08210519592543526,0.3644488891991731,0.3082988934467757,0.29243858603681444,0.2947691791873633,0.24467482396767526,-0.22240046019263784,-0.3394563263266557,-0.01259552918244137,0.005245925413324757,0.2909098769059109,0.15015798162656915,0.2508525316922745,-0.23802484766744014,0.264752396182755,-0.25233480356457993,-0.1897875721733012,0.15197468109141396,0.29735703935330016,0.31236970434130457,-0.24306254121199666,0.19444406751001403,-0.07684647367776921,-0.2403184123911225,-0.20404155015331546,-0.06735997311181138,-0.07762490065464828,0.3381292364812013,0.27202583368475497,0.20359856811458704,0.20548385830250793,0.29213060109183975,0.11146279152547602,0.20858089799062954,-0.3195376623507019,-0.3387946605784081,0.30415148045346185,0.3676501062880353,0.05699051176168362,0.36770156232918993,0.2669061216948354,-0.09457810483270017,-0.1335146098451575,0.24786394613548576,-0.20401264191010943,0.17410670365450953,0.047821453967713694,-0.359622035323716,0.14514367659148825,-0.12317420462158479,-0.3292632210371897,0.12895351148941445,0.33684072887798494,-0.09567714348912233,-0.10618055488551084,0.16181716672764004,-0.19559598912096612,0.07147160836382664,-0.06161578768828684,-0.09967432922749131
y[6],0.4973516318892163,-1.2389236048940342,1.0899861124633756,0.26618657301338916,-0.03800449427348316,1.544399494320599,0.8642507618499838,-0.8800388694860436,-1.1842649515858856,-0.3310408739854165,-1.2013607319588422,-0.20970921332008538,0.6108618830412607,0.11839422849676325,1.3971795939292162,-0.9920736472210748,0.30284678918136343,1.1051223592043666,-0.5528163761548265,-0.8848328584031344,-1.0702658122241158,-1.2370173221748137,-1.2835815532099446,1.4500099513708462,-1.4212452142333387,-0.5267450168940339,0.5218436053035473,0.5575430100809803,-0.3022844167567431,0.6545083770028752,-1.3037835578656685,0.49103340755988173,1.5555065215147554,0.8496919960687658,0.9754578839009407,-0.2745687185157483,-1.4771504375527107,-1.1848695435110423,-0.9954317542216247,-1.6522581871164317,0.8034981753026835,1.515877577841126,1.2422545425875924,0.8970450448990546,-1.2860904893950171,-1.1352904537801538,0.9181743751962311,0.6665210508699032,-0.5495502537730321,0.9057700780343094,-0.46385829111714716,-0.8672800083606009,-1.3211647285882337,-0.056103120604947036,0.6035936513710621,-1.3835685015307426,0.9924442757166176,1.5106473596951435,-0.9932873827783438,-0.7479402626965894,0.8170978675028902,1.007820450055096,1.256743554230466,-1.3306354451898894,0.29832778979422364,0.2615713332682473,0.7907227093885217,0.9990069310980904,0.8087182364448576,-0.6671867332434391,-0.9886603416135483,0.6990064584007337,0.7010636016135724,0.3319134715740564,-1.3498984188820407,-1.4310709187644783,0.5694700821134878,-1.1886332273058542,1.2820960187993313,1.360068298590631,-1.4294311038912686,-1.3259512871431878,-0.9754066038477864,0.7906922638659261,0.4483361251797654,0.998100853615855,-0.638674345066151,1.2786919580019438,1.4302187442106762,-1.0859305016473855,1.3906810469288693,1.4654022454210498,0.09761817779858548,-0.18146269644903334,1.286145668093357,-1.0472804277131602,0.6208705550627445,-0.27431237512394463,0.18283692818618633,1.2531390247619083
y[7],0.01637033625304106,1.1520170750475576,-0.5366889837682127,-0.04522568606270933,0.8647496543254499,-0.6823152425571284,-1.114454255736721,0.5549428263035054,1.189343024669889,0.3560359651861118,-1.1266076919231893,1.6456156792554164,0.5915879074070597,0.4063501742139773,0.663394098711085,1.3021689492792272,0.7672819752588181,-0.2593330210283454,1.518760399929593,-0.10890136982865113,0.6525701133686924,0.4416917959664933,0.7828530508096091,0.027446480676057875,-0.39509782679173455,-0.6983549963596595,-0.7923384849548529,-0.7522317190025266,-0.5720804846747128,0.23723579619447477,-0.6869093610919834,1.1574346614392772,0.3844737383480802,-1.0671096989237956,0.7718549785607491,-1.4543016089373209,0.18709883603603517,0.9359697370652708,0.9307533280701966,0.3011705896159984,0.2655647796750437,-0.03313678860763727,0.09045659588883251,-0.5576764090536825,0.649016592800525,0.8825476919368274,1.0825366298747245,-1.2685965466489433,0.7342827769970679,1.1033893087987532,0.6388032138615624,0.5085658902350063,0.9371934929986537,-0.996342249151049,0.7329450058229823,-0.28598447696197093,0.8560968311607536,-0.149254491585126,-0.8442521290777231,-1.0670275722699911,0.8935986879338323,1.0841056876297035,-0.18732685172329447,-0.933566101137717,-0.5020718873302614,0.18901582863770078,0.7977837136116358,0.9627852724390916,0.400825011516002,-0.4499564263931512,1.3419662675028523,1.030621009223327,0.8791957592494409,0.4010140395729675,0.762605214235547,0.5144179045799908,1.101739238677915,0.6297216540160554,-0.6030480976417677,-0.8733311272891401,-0.7101146168459083,-0.6100114514475901,-0.0941537485471421,0.523341779962305,-0.7724665795248334,-1.2007683717679443,0.31576799225033003,-0.6560116064511844,-0.1410973560905231,-0.8256641071254485,0.8575277897795379,0.03835816835924809,0.9497052241464816,-0.7269162980016436,-0.2538046866129772,0.6634991180118464,-0.3466682060543869,0.2535692075582482,-0.40385959288213075,-0.5184976092574632
y[8],1.3533502997147846,-0.0430190665900329,1.0439462611621388,1.571505913184328,1.4901654983013588,-0.7426621302867572,-1.1044523660580614,1.227619997587958,-0.3578446012456959,-1.4409554428593674,-0.4641499689585471,-0.282910801129632,-1.50425008304398,1.6840641636026468,-0.025534386968428767,-0.11328469317055223,-1.208403823625902,-1.3562482296341734,0.3670191491406889,-1.1867022085085297,0.9142046900936817,1.0812089920732166,-0.5131587191253336,0.08500410141442015,-0.20969645964843267,-1.3801490665035954,-1.2828153401294202,1.1050989799498303,1.6051500889170922,1.5520001309187896,-0.3365928656128668,-0.9318766581149611,-0.10463190538113562,-0.53686476971786,1.0480254897211094,0.8802787987537061,0.15854097986212246,-0.1923027110029872,-0.6918891765637404,-0.28028709374709065,-1.4578878397944741,0.45345711879172884,0.8981658861975358,1.0759972064505336,-0.6806227762159565,0.3230593991128007,-0.7209619952137929,-0.5036681873254474,1.326832816329915,0.47667854521963393,1.319950342867605,-1.3225260356879494,-0.13885897761338284,-1.2816340628560912,1.3847796740662521,-0.7482429121643212,-0.43927540662315157,-0.25023718224647096,0.8154306037329908,0.8537686883800737,-1.1605918527196661,0.19521484660361,0.41001332890555475,-0.043556885214119934,-1.220227855743621,-1.6157931653920021,-1.105508618176066,0.6892574091965412,1.273491212542619,1.1695149856813098,-0.028913647133742497,1.0059016103827,0.9587282185993086,1.4950708477233905,0.2830756417382993,-0.676955126034927,0.9923398575620119,-0.5834989213226726,-0.42328728506116997,-0.20538346904622595,-0.04545336087825963,0.24753378971670176,-1.0962157096614333,-1.1742781125112942,-1.4257982731100887,0.23878887738647142,-1.317040201880086,-0.4393101993607546,0.2529920827906138,-0.7678871808918902,0.35563875513205334,-0.4746932264433399,1.1957092283218216,-1.2867827227623811,0.7207562915476656,0.9194334347830794,-1.2196647069581381,-1.5139356569153415,-1.5810947822852932,0.7657412146367069
y[9],1.7522014384007603,-2.244200467103128,0.454256586507406,1.7031609671421766,1.897254094262405,-1.7646848512350015,-1.9296424272967643,2.093502331253455,-1.7837445680088229,-2.5868432936032537,-0.8995399795932619,-1.1897937606043545,-1.301427507783315,0.6886153765998412,-1.7177288032568672,-1.4504843489706187,-2.4750962172517927,-0.4049280365844032,1.7133677831394347,-1.95655351304901,1.9965182788501192,2.364423498022259,-1.549257090047856,0.4999143730062043,-1.9016868978387431,-1.9031759151322136,-0.5435265114892374,1.6873738427148577,2.0355209071236335,1.8059656459413111,2.3217687090157635,-2.201753352427129,-0.28225542657706165,1.7435674444352538,0.7398726889512226,2.591024705450578,0.14635753734003562,0.4840039739468249,0.3250893547406142,-0.780351518070244,-1.914633722673408,0.5708584501966243,1.1662578307190135,0.5395115670376393,-2.1840204087522976,-0.3993935299311434,1.040527671375034,-1.1472832337055154,2.5072409329842102,2.5331881877875175,2.068566677345401,-0.47586210086399994,2.3564922904483976,-1.733428123985378,2.6553548064902786,-1.261580508999665,1.7034254771426847,0.9090874424708758,0.2219295795693458,0.46698300078422156,-2.6706399424467575,-1.5203482727058126,0.4705520058409945,-2.3594104522895147,-1.3768614173762095,-2.4356412385850144,0.12041648573848877,2.7573641221613503,1.6408522083718593,2.0177779079000655,-0.7304903556777813,1.9039435365374326,2.740117568024098,2.0372463707093833,-2.412695136531478,-0.9939597330708878,1.9952677877788425,-2.326022042067904,0.4873711056592992,0.004315185878019573,-1.4769105703696266,-2.2386234157685463,-1.5963144750610694,1.3715381173523395,-1.8659487627365667,0.20085981149482846,-1.2432243259354074,-2.228171735348144,-0.16441497881946923,-1.8844390904258772,0.4366903611716809,-2.5203349571693456,0.5466037689089588,-1.697368348861291,1.3717414034560227,0.5540414288188394,-2.1617081305636203,-2.2778383618243057,-2.4646245836142144,-0.4346693370719484
y[10],-0.9110284479626398,1.665992964964745,2.247391036648875,-2.187895415734717,1.7853759774658156,1.9819323113089495,0.15004369473322418,-1.2688655658259786,1.1429510342130544,-0.014162648563635659,-1.9896647330246298,1.0109688818050728,2.0179454777406898,-1.6612133762775534,1.0651918615062475,0.25657351097220904,0.9600353556716392,0.41949758439416873,-2.1203871993949295,0.39827506043048555,-0.9198090397511505,-0.2605033106860458,1.2025487791196534,1.4954472926832223,-0.6062983034288403,0.03067069133697173,-1.224134360204807,0.5711548348986119,-0.08879713014378068,-0.9884894640641307,0.6185673390792417,-0.9678698532524433,-0.9570736010345495,-1.3673456123288075,0.7986452226909145,-0.4337072935072859,-1.7180279690978664,-1.2170384263541898,-0.3936474541779982,-1.1984248587759971,-0.16887258259538393,0.46079226300305387,-0.7057924804964579,0.4667716159999902,0.949589989018895,2.227207778825776,0.0010861669021245447,-1.4423030500879268,-0.9515288919273167,0.3490794278682742,-1.6676983387980637,-0.37975505119181513,1.0380925516527562,-2.016192174131168,-0.07117249769340943,0.5933324673066841,0.31099933435100696,-1.5040589778540703,-1.0193379703127987,-0.7133386034716853,0.2964010792775866,-1.060192367868593,0.8114315642149973,-0.5691252624577571,1.1461062332240972,0.5391980559619791,-0.6781598823415782,0.4522175633414728,-1.0970654685418268,-1.767652987641285,-1.465841492926138,-0.006924602094870902,0.14522381135466023,1.2638978599429165,0.5877492558097183,-0.2783711887447222,-1.0225016232761261,1.063961845454397,1.3085048181715044,-0.8370024422716096,0.28207837860844165,-0.19883435244208184,1.1195867326392956,1.9005924476080738,1.3553583365376232,-0.7497066695536667,0.4505617954372082,1.36324850846201,-1.288046609584674,-1.0445137082679732,1.0908316789249088,-0.4648114310375757,0.7536595554939874,1.1294320963454625,-0.6041118904002171,1.2524694552042577,0.5752238059383409,0.514097121316811,0.39675402617705113,-0.6942909411103795
y[11],-1.8835001550651134,-0.05898668946614519,-1.6836260869629718,0.6866380049092867,-0.19258928580277773,0.11139924837623791,-1.7747717293657401,-1.0327674058479968,-1.5378927164268157,-0.15772196942569564,1.722711774955745,2.166379810680632,-1.0070565178812698,-1.992235940203437,-1.7428358283875247,2.4209332752189225,0.23698063368449032,-2.6586986434462205,0.138672763592456,1.6226232195459245,-1.520207834097413,1.1843309989485922,1.9315334439383347,-2.4506217354011146,1.953830295429234,-1.7002374539820837,-2.261261514313591,-2.2991378381891305,-1.546153770881183,-1.6251198580440798,1.543805120594849,1.1329972042932814,-2.5131759682558066,-1.8460568472868817,-2.4767094306556503,-1.0080183057404188,2.116887524163733,2.3847006757571667,2.6362782966039533,2.189850510048151,-2.0130214598358767,-2.53421464255789,-2.39728144160453,-2.647745548708395,1.1813815254297952,1.6231503402574643,-2.4290696261816302,-1.9800947101059385,0.4701796913595438,-1.2179316297888685,-0.20855171348413024,2.575726755433447,0.6771650761171557,-0.9269439275981994,-0.24004879386398817,2.271937969327877,-2.36126871658341,-1.9778293782809948,2.474066316162352,2.6812467846319095,0.02684654295147069,-1.9536746314471798,-2.6122984902598985,0.9968929077767441,2.1221677935225802,0.8400295538555448,-2.5824626495398224,-0.06455894407482568,1.6956857325569736,0.2180573606770969,2.151032291214284,1.7174083134274658,0.14977494017166204,1.2234866049130386,0.9796807970669308,2.4637456616191056,-1.6156211729369248,1.0538414347601264,-2.4318080868461065,-2.5200596280305407,2.2267829705358086,1.74054343262114,2.0243976219978204,-1.6368472850433198,-1.259423622189161,-2.506698158955202,2.2263738268321798,0.5214705967897721,-2.6375157543142187,1.6759752149866447,-2.355689466703416,-0.9190448503605717,2.5776697690700585,1.8748048356271936,-2.44091161512225,2.345409941271678,-1.426592969861497,1.2875964396917448,1.266340326543066,-2.5581932183865157
y[12],0.19798075254683553,0.16342183998901014,0.03605133419233979,-0.24730520386920576,0.2391774268707184,0.9510478390397535,-2.431732210734888,-0.655713239876483,2.619267355052506,0.9937536312677567,-0.28282611193755425,0.045712188830492564,0.052100020150879084,0.2062830056640171,1.7932395020718304,0.9061728622288179,1.578915446983126,-2.485788706425513,-2.4664592246992303,-1.9174839481901353,-0.3513033295792206,2.3581180400477657,-0.5021199023934138,2.062503177589396,1.072895094474734,-1.197118953657345,-0.13874017391584548,-2.5752520700528883,2.0216819528008787,0.03081510393394966,-0.06609573661514455,2.0138225187092202,-2.100534911638847,0.05048283564922216,0.6725268783201481,-2.259233935821695,0.19048716106171268,2.1452524253024774,2.345377202430344,0.887726826315272,0.045915237339431855,-0.19438305541725787,0.32063158454015767,-1.697002663340775,-2.035160714083651,-2.109256161419931,1.7752426272705348,2.2643320729659484,-1.6477081559963391,-1.4976680351910325,-0.4771122000591079,-2.006714685195749,-1.4665164437724973,1.2227804862579599,0.22444238108065645,-0.7528375845909275,1.7653749529143714,-1.4925234908314273,-1.4974509576573314,-1.5865918059465207,0.5148462407487382,-1.1038301936076056,-0.1482366606663645,2.21307062273022,2.5159247748023708,-0.22021646683257257,-0.3386594631067082,-0.7591324708922257,-1.6963851320726753,-0.6396883043175979,-0.4103287668542547,-2.4721623787093137,-2.1615703814059173,1.3290757609782637,2.579855915923971,0.36343263804969334,-1.4606932524877438,-2.5083918811085284,-2.5521222734842306,-1.1799746690097606,-1.7474172526286371,-0.6265614841084535,0.5215466740948019,-1.7022895236865825,-1.1669035956696208,1.098105759526621,1.9007400039826294,1.4205103143348377,-1.2604067007440438,0.18167892095740812,-0.3612682154842694,-2.6410846112924204,-2.2984921723352763,-1.1521831029266385,0.9850243692576044,-0.801502542365479,1.0581391324236094,-2.486806782279835,-2.238365048426654,0.6608560155693659
y[13],0.07415895649494518,0.7216385614585655,2.366686444815813,-2.006862385897593,0.12035812070461897,2.2993351550244974,-0.6846035985276092,0.7990764732546569,0.425906597196889,-1.3536551481694183,-0.8459820875174617,-1.0519408689883631,0.02784669542897736,-1.719977941453187,1.3089238491135824,2.297068197390129,1.8418249385955014,0.6816678721150564,-0.7653202421019226,-0.35521025832458913,-1.0952834486192031,-0.440805472384216,2.606086620626103,-1.0423559017108341,-2.362240443734413,-1.6384255273285182,-2.4747730114224815,0.4568721291347642,0.5280276192877318,2.3419478121545017,-1.0589552359154224,-0.4521039208690114,0.3760770871567865,-1.5048005476366677,0.020679950286344423,0.18656661619476772,-2.603349126652108,-0.3402227539642416,-0.1810878152763148,-1.6353736309637057,-1.8562988580720057,1.0806938939098003,0.980597708473309,0.6322142324730569,-0.5690880585129865,1.5739001632730019,-1.357228467944202,0.6057928465538736,1.809653897991174,-1.0358616620738235,-2.5781691569519576,-1.1643105348617953,2.043665337340782,-1.5879894507491583,-1.9293558418323684,-0.4303857910934276,-1.0516621741192527,1.1920066044838245,1.4725341884160583,1.933812898980812,-2.608419347792888,1.0796754275549503,1.4389578353164687,-0.5399209130256515,0.6102707995199891,1.537920973497524,-1.4655866971265685,-0.016343772130547614,-0.18314112410490033,-2.3452432241174748,-2.4128908561839215,-0.08410205895631782,1.4435100698021281,1.9589144411034531,-0.09032679689540332,-1.813402782414325,1.0502161180385876,0.09435068288783553,0.08514407012896391,-2.1691672891857325,1.9210833757925052,1.477340512747567,-1.5923214504147465,1.6656471517673297,-0.5102783459914031,-2.2145405080719365,1.5447384221953218,1.1548290003580972,-1.6913991708458174,-2.4102121709933235,-1.1747359079225639,-0.5539740491666194,0.48781260916600744,1.9574404330807562,-1.321355580115973,2.329035496822125,2.38349970733771,0.6434801463707069,1.1468197967104472,-2.4707067325373937
y[14],-2.5875779410863387,-2.4314799936019034,1.1617286023955582,1.6503077728733433,2.6456060352202266,-0.8972587928764411,0.9097736202516282,-2.2596260924237868,0.2742108167495425,-2.0446848401150604,-2.3576610931333564,-2.262323839845454,-2.4606369453393766,1.9556780832405807,1.1785534645416487,0.7019450850058385,0.7799085913235415,-0.66432161408936,-0.4968886408718657,1.8311209692460502,2.098372069766138,-0.8664471457499191,-0.008694314953198229,-1.3335681334358407,0.003725001856432853,1.9936105334300696,-0.18841166869650855,0.04941534940711852,1.4792694620240485,-1.0320851467796683,-2.2869111520950227,1.9637770328714241,-1.605716756427663,2.0922465984294525,2.4527194297894397,1.0810483366376396,0.30403487309264116,-1.3484041299005471,-1.3366818078436644,1.8818915436640449,-1.7576691382113379,-2.3097686883131754,-2.4456633624877315,-2.105882442888722,-1.44565987531452,-0.5314996734228923,0.9791512108431354,-0.9130243595261452,-0.9864016207966231,1.7826474694089849,-0.302637678438703,0.998484149330555,-0.9516773659588313,-1.6891200719363653,1.5898719639353853,2.4580572766963344,1.5970803667465527,-1.7579114308087769,1.4686845766803258,0.349460556856242,-0.46271993137490636,2.2561698069445417,-2.1184509759691834,-1.1866736514247727,-0.05592146171994389,2.1931747468483325,2.2721678711857454,2.3938619499455727,-1.9383159596857165,0.3834796639933711,-0.8297085295876915,1.0112468947260818,0.09729909873348405,-0.9262225589449805,0.3267310639259363,-1.7102813732567717,-1.6624944866319031,-0.1395744744876612,-0.31052625306342607,-0.7692573217416452,0.5287220411788783,-1.993771734831197,1.9867917452958372,0.6374342396662258,2.309457213522001,1.2612785844098666,0.837026168570852,1.9503433106731174,-1.661164175921496,-0.2541340325363368,2.304581316222961,0.28821848278455026,0.8213763398049652,-1.2696152161770236,-1.9953623639957687,0.7801498308523974,0.5923631552078997,0.9419715446792651,0.2507917048435243,0.24930032291686796
y[15],-0.4312372571443617,0.49136970474982644,0.05529740333652098,-0.5528860985638004,-0.5592584253855741,0.3125538332149446,0.3275859662711967,-0.5930871413318528,0.41653176294608485,0.5493990310704953,0.43636985756041713,0.4107841383144558,0.3626350115770411,-0.00021752949611024598,0.35143328750479197,-0.006342653546088715,0.6548295786991641,0.0066963493493439,-0.30019873220061455,0.4848095583573825,-0.5277820987618529,-0.4618697853115202,0.013793221801928789,0.02894384764401909,0.5441289102633,0.4776749208381653,0.42884287636346874,-0.3459997999902566,-0.246486357095501,-0.4047670888592205,-0.5368347871785651,0.3823563282811499,0.48188248493210567,-0.20341937086492284,-0.3989184746515933,-0.5029544137947212,-0.20600117644394178,-0.27006168491641475,0.02990402340210986,0.36301006155332755,0.42532177172445057,0.11972029699024692,-0.09844591980047684,-0.031434859760119206,0.5184286522816719,0.35360792755033277,-0.2146260296749843,-0.13784782605411527,-0.6227455922243333,-0.5958680818947183,-0.48433102859673755,0.06255685045932022,-0.5525821259713377,0.5909809217059359,-0.5860182687495682,0.3652126012270369,-0.33539120510827947,-0.18087768983445232,-0.2985092793388429,-0.2768739895860888,0.4859471270926405,0.29744197190874316,-0.23454845059534937,0.5015295491762898,0.30600978128232226,0.465945768791478,-0.3024617844324578,-0.5102938344669536,-0.41677764322235666,-0.5419122921643091,0.06101923096648279,-0.5303608487491138,-0.6509491389852151,-0.49011584067138847,0.5684475101382112,0.4527542284314606,-0.0828631407878421,0.6082279782156953,-0.36065772540342245,-0.25837661310138405,0.21270842604946036,0.5634149062509151,0.3018330179948054,-0.09628425570961797,0.31039301242078265,0.1414093066214396,0.41825617215598027,0.5159580814579542,-0.023750187180711906,0.580242629707381,-0.3737967792643603,0.4816953559735201,-0.4197456990714082,0.1485673266048925,-0.20597663652206205,-0.09629648237775472,0.5734086357384086,0.5125518149602373,0.5690173908832339,0.13291832562371686
y[16],0.22421526432450095,-0.18997511337208445,-0.023342556259186163,0.00873800613407388,-0.14080575563466,-0.3487842024833307,-0.39731347929525335,-0.08286608635996719,-0.418038870386054,-0.155122478016214,0.08980131336753336,-0.1530388490625785,-0.23237684306585274,0.2818001082427406,-0.3085301752321665,-0.14765517671928066,0.0700096166889194,0.2942052497244572,0.5152496041874667,-0.009211906645600353,0.24896383008079212,0.3080004233445095,-0.07255564249321848,-0.13429920652405505,-0.1431138069312904,0.12004462648170781,0.006911402068310034,0.016591614983456435,-0.13390429273275256,-0.1164890558924591,0.20123665596471735,0.24897175568269853,0.06873033282272832,0.5693204584399223,-0.3084213630337092,0.15321757678131573,0.03610187642694336,0.30653756085860984,0.21410076759979416,0.13691910805464527,-0.18920798447346196,-0.006681752253972734,-0.017245810786174365,-0.18486665559107504,-0.2389082332330556,-0.2810193075854677,-0.21072314151037116,0.31644388320759653,0.035647239871200616,0.10756927442730982,0.37455773526190095,-0.08257526022177154,0.10120669388677901,0.060410723205004103,0.12477524678301569,0.15873918312161486,-0.18898989528767898,0.1851177566848413,0.14102386786981622,-0.10013259339663669,0.22065116302627882,-0.030504967438925487,-0.06722366755563235,0.255298008004324,-0.3531864305843377,-0.09652048577106999,0.0348013812079315,-0.3099227062677862,0.34326728802019413,0.35479408690349873,0.2049775127423587,-0.036988532518306014,0.01931991953903335,0.14002325655502873,-0.20450735475469195,-0.08215350510610278,0.38116202112810166,-0.15552775196213303,-0.1404545527883941,0.026723787931454336,0.23449908707476227,-0.12160939409723122,-0.0934804210104115,-0.3919923269528145,-0.11920829038639139,0.28145560365727884,0.054904135061269184,-0.3832188354878745,0.0888241105251144,0.11971170760849174,0.04773500731042841,0.020918531941048108,-0.1662939951643299,-0.2539015975269035,-0.024350868497612057,-0.19109529411401965,-0.10510734034270545,0.04238108798082338,-0.19361397716871293,0.24902171289217453
y[17],0.46354955636052136,-0.22491515399129136,0.5941314054519763,-0.2430133702519091,0.06126822323223228,0.2343648965171613,0.08729434476790476,0.05731057789203765,-0.007334851334122958,0.16936948160507945,-0.36484516518150895,-0.39764838746819814,0.340528376615179,0.46523349597189223,0.4004591393026501,-0.5862254795193269,-0.08120995913668096,0.48321896853415247,0.2540653510218691,-0.4114192735181263,0.25864467113022804,-0.07797794057520029,-0.5925350235563841,0.6271923747621527,-0.38170481598813616,0.3600792524176511,0.4815354635368,0.537802250165028,0.5050263189326186,0.38373535249839746,-0.33562536718849273,-0.4107597136027324,0.38830601248841523,0.31888385961213395,0.246375177379348,0.19417684182247255,-0.5899592155157943,-0.5629263236352167,-0.5616913947013805,-0.4509095687161413,0.29653660526363435,0.6027942461660837,0.5916467092763639,0.6123390279807245,-0.16544181522678836,-0.5139351373972262,0.5154652320127057,0.5362732371215503,-0.03516784899057001,0.12860030694305039,0.052809915419952044,-0.5377221139338276,-0.1439729162954706,0.2169998629971413,-0.07384233501719915,-0.43765045661927504,0.5775663267557899,0.6275497695579689,-0.5721670249284105,-0.5493666516307348,0.13175269486233465,0.5841715721245675,0.7091479181219793,0.16091153727661583,-0.5490526450434726,-0.3551760995067811,0.5181436340031816,-0.22357676707822807,-0.26843131234544165,-0.22522814768478872,-0.5275336174698564,-0.263384358962349,-0.07170922743863158,-0.33916280699981405,0.014204297787593405,-0.3502751480107443,0.4725616862665086,-0.30102970509463844,0.5798856628612966,0.5470647747935028,-0.5209288186906035,-0.36581983454061234,-0.5429463292745375,0.5050150539327615,0.4711352193011965,0.5139081438411978,-0.5561966229144057,0.10211782715671154,0.6603850898876557,-0.20496725355366194,0.4765643320449156,0.4096362080272197,-0.42603410915000567,-0.5911935635110752,0.60390635475681,-0.6425698251905926,0.40351238070475604,-0.358898120588595,0.052396317686179895,0.5469698014608122
